Date,Open,High,Low,Close,Adj Close,Volume,50MA - average closing price over 50 days,200MA - average closing price over 200 days,Volatility
2021-04-30,249.74000549316406,253.0800018310547,249.60000610351562,252.17999267578125,247.17201232910156,30945100,,,
2021-05-03,253.39999389648438,254.35000610351562,251.1199951171875,251.86000061035156,246.85836791992188,19626600,,,
2021-05-04,250.97000122070312,251.2100067138672,245.75999450683594,247.7899932861328,242.86917114257812,32756100,,,
2021-05-05,249.05999755859375,249.5,245.82000732421875,246.47000122070312,241.5753936767578,21901300,,,
2021-05-06,246.4499969482422,249.86000061035156,244.69000244140625,249.72999572753906,244.7706756591797,26491100,,,
2021-05-07,252.14999389648438,254.3000030517578,251.1699981689453,252.4600067138672,247.44644165039062,27032900,,,
2021-05-10,250.8699951171875,251.72999572753906,247.1199951171875,247.17999267578125,242.27130126953125,29299900,,,
2021-05-11,244.5500030517578,246.60000610351562,242.57000732421875,246.22999572753906,241.3401641845703,33641600,,,
2021-05-12,242.1699981689453,244.3800048828125,238.07000732421875,239.0,234.2537384033203,36684400,,,
2021-05-13,241.8000030517578,245.60000610351562,241.4199981689453,243.02999877929688,238.20372009277344,29624300,,,
2021-05-14,245.5800018310547,249.17999267578125,245.49000549316406,248.14999389648438,243.2220458984375,23901100,,,
2021-05-17,246.5500030517578,246.58999633789062,243.52000427246094,245.17999267578125,240.31101989746094,24970200,,,
2021-05-18,246.27000427246094,246.41000366210938,242.89999389648438,243.0800018310547,238.2527313232422,20168000,,,
2021-05-19,239.30999755859375,243.22999572753906,238.60000610351562,243.1199951171875,238.8421630859375,25739800,,,
2021-05-20,243.9600067138672,247.9499969482422,243.86000061035156,246.47999572753906,242.14305114746094,21800700,,,
2021-05-21,247.57000732421875,248.3300018310547,244.74000549316406,245.1699981689453,240.85609436035156,21863100,,,
2021-05-24,247.7899932861328,251.16000366210938,247.50999450683594,250.77999877929688,246.36737060546875,21411500,,,
2021-05-25,251.77000427246094,252.75,250.82000732421875,251.72000122070312,247.2908477783203,17704300,,,
2021-05-26,251.42999267578125,252.94000244140625,250.75,251.49000549316406,247.06491088867188,17771600,,,
2021-05-27,251.1699981689453,251.47999572753906,249.25,249.30999755859375,244.92323303222656,24426200,,,
2021-05-28,251.0,252.0800018310547,249.55999755859375,249.67999267578125,245.2867431640625,18270200,,,
2021-06-01,251.22999572753906,251.2899932861328,246.9600067138672,247.39999389648438,243.04685974121094,23213300,,,
2021-06-02,248.1300048828125,249.27000427246094,245.83999633789062,247.3000030517578,242.94862365722656,19406700,,,
2021-06-03,245.22000122070312,246.33999633789062,243.0,245.7100067138672,241.3865966796875,25307700,,,
2021-06-04,247.75999450683594,251.64999389648438,247.50999450683594,250.7899932861328,246.37721252441406,25281100,,,
2021-06-07,249.97999572753906,254.08999633789062,249.80999755859375,253.80999755859375,249.34408569335938,23079200,,,
2021-06-08,255.16000366210938,256.010009765625,252.50999450683594,252.57000732421875,248.1259002685547,22455000,,,
2021-06-09,253.80999755859375,255.52999877929688,253.2100067138672,253.58999633789062,249.12794494628906,17937600,,,
2021-06-10,254.2899932861328,257.4599914550781,253.6699981689453,257.239990234375,252.7136993408203,24563600,,,
2021-06-11,257.989990234375,258.489990234375,256.6099853515625,257.8900146484375,253.35231018066406,18999700,,,
2021-06-14,257.8999938964844,259.95001220703125,256.79998779296875,259.8900146484375,255.31712341308594,19150500,,,
2021-06-15,259.7699890136719,259.989990234375,257.67999267578125,258.3599853515625,253.81399536132812,18038900,,,
2021-06-16,259.3999938964844,260.5799865722656,254.4199981689453,257.3800048828125,252.8512420654297,27220000,,,
2021-06-17,256.07000732421875,261.75,256.010009765625,260.8999938964844,256.309326171875,27565500,,,
2021-06-18,259.6300048828125,262.29998779296875,258.75,259.42999267578125,254.86521911621094,37202200,,,
2021-06-21,259.82000732421875,263.5199890136719,257.9200134277344,262.6300048828125,258.0088806152344,26696100,,,
2021-06-22,262.7200012207031,265.7900085449219,262.3999938964844,265.510009765625,260.83819580078125,24694100,,,
2021-06-23,265.989990234375,266.8299865722656,264.42999267578125,265.2699890136719,260.6023864746094,19518700,,,
2021-06-24,266.1600036621094,267.8500061035156,265.4700012207031,266.69000244140625,261.9974365234375,21446900,,,
2021-06-25,266.2300109863281,267.25,264.760009765625,265.0199890136719,260.3568115234375,25611100,,,
2021-06-28,266.19000244140625,268.8999938964844,265.9100036621094,268.7200012207031,263.9917297363281,19590000,,,
2021-06-29,268.8699951171875,271.6499938964844,267.9800109863281,271.3999938964844,266.62457275390625,19937800,,,
2021-06-30,270.69000244140625,271.3599853515625,269.6000061035156,270.8999938964844,266.13336181640625,21656500,,,
2021-07-01,269.6099853515625,271.8399963378906,269.6000061035156,271.6000061035156,266.821044921875,16725300,,,
2021-07-02,272.82000732421875,278.0,272.5,277.6499938964844,272.76458740234375,26458000,,,
2021-07-06,278.0299987792969,279.3699951171875,274.29998779296875,277.6600036621094,272.7743835449219,31565600,,,
2021-07-07,279.3999938964844,280.69000244140625,277.1499938964844,279.92999267578125,275.0044860839844,23260000,,,
2021-07-08,276.8999938964844,278.7300109863281,274.8699951171875,277.4200134277344,272.5386657714844,24618600,,,
2021-07-09,275.7200012207031,278.04998779296875,275.32000732421875,277.94000244140625,273.04949951171875,23916700,,,
2021-07-12,279.1600036621094,279.7699890136719,276.5799865722656,277.32000732421875,272.4403991699219,18931700,256.76019897460935,,11.30964220016215
2021-07-13,277.5199890136719,282.8500061035156,277.3900146484375,280.9800109863281,276.0360412597656,26120100,257.3361993408203,,11.794606611721669
2021-07-14,282.3500061035156,283.6600036621094,280.54998779296875,282.510009765625,277.5390930175781,23113700,257.94919952392576,,12.290254998668255
2021-07-15,282.0,282.510009765625,279.8299865722656,281.0299987792969,276.0851135253906,22604200,258.61399963378904,,12.623984212328816
2021-07-16,282.07000732421875,284.1000061035156,279.4599914550781,280.75,275.8100280761719,26186800,259.299599609375,,12.879272495530998
2021-07-19,278.92999267578125,280.3699951171875,274.45001220703125,277.010009765625,272.1358337402344,32935600,259.8451998901367,,13.04239919930059
2021-07-20,278.0299987792969,280.9700012207031,276.260009765625,279.32000732421875,274.4052429199219,26259700,260.38239990234376,,13.282950957255522
2021-07-21,278.8999938964844,281.5199890136719,277.2900085449219,281.3999938964844,276.4486083984375,24364300,261.0667999267578,,13.469101489331406
2021-07-22,283.8399963378906,286.4200134277344,283.4200134277344,286.1400146484375,281.10528564453125,23384100,261.8650003051758,,13.751509896314793
2021-07-23,287.3699951171875,289.989990234375,286.5,289.6700134277344,284.5731201171875,22768100,262.87840057373046,,13.898361896992137
2021-07-26,289.0,289.69000244140625,286.6400146484375,289.04998779296875,283.9640197753906,23176100,263.7988003540039,,14.079725504319988
2021-07-27,289.42999267578125,289.5799865722656,282.95001220703125,286.5400085449219,281.4981689453125,33604100,264.56660064697263,,14.254606405862367
2021-07-28,288.989990234375,290.1499938964844,283.8299865722656,286.2200012207031,281.18377685546875,33566900,265.3874008178711,,14.297024042605393
2021-07-29,286.239990234375,288.6199951171875,286.0799865722656,286.5,281.4588623046875,18168300,266.25580078125,,14.232942384507929
2021-07-30,285.1700134277344,286.6600036621094,283.9100036621094,284.9100036621094,279.8968811035156,20944800,267.09160095214844,,14.072727628380564
2021-08-02,286.3599853515625,286.7699890136719,283.739990234375,284.82000732421875,279.8084411621094,16267400,267.858401184082,,13.970888446322762
2021-08-03,285.4200134277344,287.2300109863281,284.0,287.1199951171875,282.0679931640625,17879000,268.69740112304686,,13.839568973755586
2021-08-04,286.2200012207031,287.5899963378906,284.6499938964844,286.510009765625,281.4687194824219,16191300,269.41200134277346,,13.817965860659886
2021-08-05,286.8800048828125,289.6300048828125,286.1000061035156,289.5199890136719,284.42572021484375,13900200,270.1680010986328,,13.864225262326762
2021-08-06,288.510009765625,289.5,287.6199951171875,289.4599914550781,284.3668212890625,16589300,270.9274008178711,,13.860161187844668
2021-08-09,289.75,291.54998779296875,287.80999755859375,288.3299865722656,283.2566833496094,16117600,271.70780059814456,,13.715912117780372
2021-08-10,288.79998779296875,289.25,285.20001220703125,286.44000244140625,281.39996337890625,18616600,272.44300079345703,,13.49449887829409
2021-08-11,287.2099914550781,288.6600036621094,285.8599853515625,286.95001220703125,281.9009704589844,13955900,273.23400115966797,,13.15138745344601
2021-08-12,286.6300048828125,289.9700012207031,286.3399963378906,289.80999755859375,284.7106018066406,14561300,274.0842010498047,,12.810263751430009
2021-08-13,289.4800109863281,292.8999938964844,289.29998779296875,292.8500061035156,287.6971435546875,18249000,275.02700103759764,,12.407746885477776
2021-08-16,293.19000244140625,294.82000732421875,290.0199890136719,294.6000061035156,289.4162902832031,22507600,275.9032012939453,,12.206505955160262
2021-08-17,292.3900146484375,293.42999267578125,291.0799865722656,293.0799865722656,287.923095703125,20075300,276.68860107421875,,12.017869564415465
2021-08-18,292.0400085449219,294.82000732421875,290.2699890136719,290.7300109863281,286.16119384765625,21813000,277.4518011474609,,11.661344800061697
2021-08-19,288.69000244140625,297.4700012207031,288.6400146484375,296.7699890136719,292.1063232421875,29850500,278.3154010009766,,11.455216780625387
2021-08-20,299.7200012207031,305.8399963378906,298.05999755859375,304.3599853515625,299.5769958496094,40817600,279.2578009033203,,11.623005985914734
2021-08-23,303.25,305.3999938964844,301.8500061035156,304.6499938964844,299.8624572753906,22830200,280.19300048828126,,11.749138397992628
2021-08-24,305.0199890136719,305.6499938964844,302.0,302.6199951171875,297.8643493652344,18175800,281.04760009765624,,11.796153152893075
2021-08-25,304.29998779296875,304.5899963378906,300.4200134277344,302.010009765625,297.26397705078125,20006100,281.9206005859375,,11.697636683267516
2021-08-26,300.989990234375,302.42999267578125,298.95001220703125,299.0899963378906,294.38983154296875,17666100,282.7548004150391,,11.395177408145045
2021-08-27,298.989990234375,300.8699951171875,296.8299865722656,299.7200012207031,295.0099792480469,22605700,283.53120056152346,,11.196481727859108
2021-08-30,301.1199951171875,304.2200012207031,301.05999755859375,303.5899963378906,298.81915283203125,16348100,284.4144006347656,,10.996459447838022
2021-08-31,304.4200134277344,304.5,301.5,301.8800048828125,297.1360168457031,26285300,285.19940063476565,,10.80897216363827
2021-09-01,302.8699951171875,305.19000244140625,301.489990234375,301.8299865722656,297.0867919921875,18983800,285.9258001708984,,10.678398511742005
2021-09-02,302.20001220703125,303.3599853515625,300.17999267578125,301.1499938964844,296.4174499511719,16285600,286.6434002685547,,10.465441271181081
2021-09-03,300.989990234375,302.6000061035156,300.260009765625,301.1400146484375,296.4076232910156,14747900,287.3324005126953,,10.256929231595302
2021-09-07,301.010009765625,301.0899963378906,298.20001220703125,300.17999267578125,295.4626770019531,17180400,288.0356005859375,,9.8948736121004
2021-09-08,299.7799987792969,300.6099853515625,297.4700012207031,300.2099914550781,295.49224853515625,15046800,288.665400390625,,9.639214857803141
2021-09-09,300.82000732421875,302.1400146484375,297.0,297.25,292.5787658691406,19927000,289.1824005126953,,9.384143512181923
2021-09-10,298.4200134277344,299.9200134277344,295.3800048828125,295.7099914550781,291.06298828125,19633400,289.6786004638672,,9.047603872282734
2021-09-13,297.54998779296875,298.5400085449219,294.0799865722656,296.989990234375,292.32281494140625,23652900,290.1864001464844,,8.718764043779924
2021-09-14,299.55999755859375,301.3900146484375,298.1000061035156,299.7900085449219,295.0788879394531,21853400,290.62920043945314,,8.630853155900553
2021-09-15,303.260009765625,305.32000732421875,301.82000732421875,304.82000732421875,300.0298156738281,28356300,291.17240051269533,,8.652609966928742
2021-09-16,303.760009765625,305.30999755859375,300.760009765625,305.2200012207031,300.4235534667969,19550800,291.67820068359373,,8.720918978660873
2021-09-17,304.1700134277344,304.5,299.5299987792969,299.8699951171875,295.1575927734375,41372500,292.1272003173828,,8.548059240824927
2021-09-20,296.3299865722656,298.7200012207031,289.5199890136719,294.29998779296875,289.6751403808594,38278700,292.45440002441404,,8.303537433879228
2021-09-21,295.69000244140625,297.5400085449219,294.07000732421875,294.79998779296875,290.16729736328125,22364100,292.8039996337891,,8.016346701009306
2021-09-22,296.7300109863281,300.2200012207031,294.510009765625,298.5799865722656,293.8878479003906,26626300,293.1559991455078,,7.871660667921231
2021-09-23,298.8500061035156,300.8999938964844,297.5299987792969,299.55999755859375,294.85247802734375,18604600,293.4969989013672,,7.769707143901132
2021-09-24,298.2300109863281,299.79998779296875,296.92999267578125,299.3500061035156,294.6457824707031,14999000,293.86339904785154,,7.599903670032544
2021-09-27,296.1400146484375,296.4700012207031,292.94000244140625,294.1700134277344,289.5471496582031,23571700,294.1317993164063,,7.360538878448821
2021-09-28,289.79998779296875,290.7799987792969,282.75,283.5199890136719,279.0645446777344,43186200,294.2619989013672,,7.104621003205791
2021-09-29,285.1000061035156,286.7699890136719,283.010009765625,284.0,279.5369873046875,26353700,294.3555987548828,,6.932493445012066
2021-09-30,285.7099914550781,287.8299865722656,281.6199951171875,281.9200134277344,277.4897155761719,32343600,294.3659991455078,,6.913023024708292
2021-10-01,282.1199951171875,289.9800109863281,281.2900085449219,289.1000061035156,284.55682373046875,30086300,294.4251989746094,,6.85356024037081
2021-10-04,287.3999938964844,287.75,280.25,283.1099853515625,278.6609802246094,31350700,294.29399841308594,,7.007510112458157
2021-10-05,284.04998779296875,290.3999938964844,284.04998779296875,288.760009765625,284.2221984863281,24993000,294.28819885253904,,7.012057257375869
2021-10-06,285.7799987792969,293.6300048828125,285.510009765625,293.1099853515625,288.5038146972656,28002600,294.4195983886719,,6.924916332156751
2021-10-07,295.17999267578125,296.6400146484375,293.9200134277344,294.8500061035156,290.2164611816406,20430500,294.59219848632813,,6.823176532306185
2021-10-08,296.2200012207031,296.6400146484375,293.760009765625,294.8500061035156,290.2164611816406,17685700,294.75919860839844,,6.722516987852716
2021-10-11,292.9200134277344,297.9700012207031,292.75,294.2300109863281,289.60626220703125,19298600,294.94559875488284,,6.571359697877154
2021-10-12,295.3399963378906,295.44000244140625,292.3500061035156,292.8800048828125,288.2774353027344,17974100,295.1067987060547,,6.4148988740912225
2021-10-13,294.9100036621094,297.2799987792969,293.489990234375,296.30999755859375,291.6535339355469,23416300,295.2905987548828,,6.312224912074642
2021-10-14,299.2099914550781,303.2699890136719,297.8299865722656,302.75,297.9923400878906,27262900,295.61539855957034,,6.2688640411769265
2021-10-15,302.3399963378906,304.45001220703125,300.5199890136719,304.2099914550781,299.42938232421875,25384800,295.9091986083984,,6.321378124163521
2021-10-18,303.57000732421875,308.2099914550781,302.69000244140625,307.2900085449219,302.46099853515625,22729300,296.2657989501953,,6.451710135195051
2021-10-19,308.3500061035156,309.29998779296875,307.2200012207031,308.2300109863281,303.38623046875,17682100,296.6637994384766,,6.564979213910205
2021-10-20,309.2099914550781,309.70001220703125,306.1099853515625,307.4100036621094,302.5791015625,16537100,297.0831994628906,,6.568335783117594
2021-10-21,307.1700134277344,311.0199890136719,306.3599853515625,310.760009765625,305.87646484375,16918100,297.5593994140625,,6.680834680605115
2021-10-22,310.3999938964844,311.0899963378906,307.79998779296875,309.1600036621094,304.3016357421875,17449300,297.9463995361328,,6.782444903418333
2021-10-25,309.3599853515625,309.3999938964844,306.4599914550781,308.1300048828125,303.2878112792969,17554500,298.25199951171874,,6.891490477556508
2021-10-26,311.0,312.3999938964844,308.6000061035156,310.1099853515625,305.2366638183594,28107300,298.5621990966797,,7.070494876755731
2021-10-27,316.0,326.1000061035156,316.0,323.1700134277344,318.0914611816406,52588700,299.16399963378905,,7.83371138612585
2021-10-28,324.3299865722656,324.8699951171875,321.3599853515625,324.3500061035156,319.25286865234375,26297900,299.83639953613283,,8.50879658381071
2021-10-29,324.1300048828125,332.0,323.8999938964844,331.6199951171875,326.4085998535156,34766000,300.5333996582031,,9.608759781073319
2021-11-01,331.3599853515625,331.489990234375,326.3699951171875,329.3699951171875,324.1940002441406,27073200,301.0335998535156,,10.428064009000911
2021-11-02,330.30999755859375,333.45001220703125,330.0,333.1300048828125,327.8948974609375,26487100,301.6032000732422,,11.36532510217668
2021-11-03,333.8999938964844,334.8999938964844,330.6499938964844,334.0,328.7512512207031,21500100,302.2308001708984,,12.254266061365731
2021-11-04,332.8900146484375,336.5400085449219,329.510009765625,336.44000244140625,331.1529541015625,23992200,302.9194000244141,,13.174416365574707
2021-11-05,338.510009765625,338.7900085449219,334.4200134277344,336.05999755859375,330.77886962890625,22570100,303.65880004882814,,13.968621054922755
2021-11-08,337.29998779296875,337.6499938964844,334.44000244140625,336.989990234375,331.69427490234375,20897000,304.4041998291016,,14.72791975555728
2021-11-09,337.1099853515625,338.7200012207031,334.5299987792969,335.95001220703125,330.67059326171875,21307400,305.05140014648435,,15.38764501395419
2021-11-10,334.57000732421875,334.6300048828125,329.9200134277344,330.79998779296875,325.6015319824219,25500900,305.6297998046875,,15.803904222057096
2021-11-11,331.25,333.7699890136719,330.510009765625,332.42999267578125,327.2059020996094,16849800,306.24179992675784,,16.24021877943614
2021-11-12,333.9200134277344,337.2300109863281,333.7900085449219,336.7200012207031,331.42852783203125,23831000,306.9532000732422,,16.782632149397152
2021-11-15,337.5400085449219,337.8800048828125,334.0299987792969,336.07000732421875,330.78875732421875,16723000,307.6517999267578,,17.256039228651787
2021-11-16,335.67999267578125,340.6700134277344,335.510009765625,339.510009765625,334.1746520996094,20886800,308.4384002685547,,17.796442105343594
2021-11-17,338.94000244140625,342.19000244140625,338.0,339.1199951171875,334.4014587402344,19053400,309.2166003417969,,18.273616540497304
2021-11-18,338.17999267578125,342.45001220703125,337.1199951171875,341.2699890136719,336.52154541015625,22463500,310.0970001220703,,18.73978253578787
2021-11-19,342.6400146484375,345.1000061035156,342.20001220703125,343.1099853515625,338.3359069824219,21963400,311.045,,19.190627501887146
2021-11-22,344.6199951171875,349.6700134277344,339.54998779296875,339.8299865722656,335.1015625,31031100,311.9017999267578,,19.50408427066466
2021-11-23,337.04998779296875,339.45001220703125,333.55999755859375,337.67999267578125,332.98150634765625,30427600,312.659599609375,,19.75831654999586
2021-11-24,336.2799987792969,338.1600036621094,333.9100036621094,337.9100036621094,333.2082824707031,21661300,313.3213995361328,,20.042499392020616
2021-11-26,334.3500061035156,337.92999267578125,328.1199951171875,329.67999267578125,325.0928039550781,24217200,313.8105993652344,,20.13900287505988
2021-11-29,334.94000244140625,339.0299987792969,334.739990234375,336.6300048828125,331.94610595703125,28563500,314.54579956054687,,20.29011584958903
2021-11-30,335.32000732421875,337.7799987792969,328.989990234375,330.5899963378906,325.9901123046875,42885600,315.2715997314453,,20.199987532828818
2021-12-01,335.1300048828125,339.2799987792969,329.3900146484375,330.0799865722656,325.48724365234375,33337600,315.9771997070313,,20.086162959419777
2021-12-02,330.29998779296875,333.489990234375,327.79998779296875,329.489990234375,324.9054870605469,30766000,316.59539978027345,,20.01533447626306
2021-12-03,331.989990234375,332.70001220703125,318.0299987792969,323.010009765625,318.515625,41779300,317.06440002441406,,19.882312581891032
2021-12-06,323.95001220703125,327.45001220703125,319.2300109863281,326.19000244140625,321.6513671875,30032600,317.60119995117185,,19.756208265270807
2021-12-07,331.6400146484375,335.79998779296875,330.1000061035156,334.9200134277344,330.2599182128906,31021900,318.41619995117185,,19.609863217142454
2021-12-08,335.30999755859375,335.5,330.79998779296875,334.9700012207031,330.3092041015625,24761000,319.4452001953125,,19.08420158564292
2021-12-09,334.4100036621094,336.489990234375,332.1199951171875,333.1000061035156,328.4652404785156,22214200,320.4272003173828,,18.47668473080077
2021-12-10,334.9800109863281,343.0,334.7900085449219,342.5400085449219,337.7738952636719,38095700,321.63960021972656,,17.87752164192784
2021-12-13,340.67999267578125,343.7900085449219,339.0799865722656,339.3999938964844,334.67755126953125,28899400,322.6455999755859,,17.418432557757683
2021-12-14,333.2200012207031,334.6400146484375,324.1099853515625,328.3399963378906,323.7714538574219,44438700,323.5502001953125,,16.472075376994308
2021-12-15,328.6099853515625,335.19000244140625,324.5,334.6499938964844,329.9936218261719,35381100,324.4679998779297,,15.756996729828668
2021-12-16,335.7099914550781,336.760009765625,323.0199890136719,324.8999938964844,320.3793029785156,35034800,325.10380004882813,,15.09325690916595
2021-12-17,320.8800048828125,324.9200134277344,317.25,323.79998779296875,319.2945861816406,47750300,325.6827996826172,,14.450591154982797
2021-12-20,320.04998779296875,322.79998779296875,317.57000732421875,319.9100036621094,315.4587707519531,28326500,326.1839996337891,,13.778320442167162
2021-12-21,323.2900085449219,327.7300109863281,319.79998779296875,327.2900085449219,322.736083984375,24740600,326.84519958496094,,12.983954141753681
2021-12-22,328.29998779296875,333.6099853515625,325.75,333.20001220703125,328.5638427734375,24831500,327.6515997314453,,12.049900774506535
2021-12-23,332.75,336.3900146484375,332.7300109863281,334.69000244140625,330.03314208984375,19617800,328.41919982910156,,11.205490559749729
2021-12-27,335.4599914550781,342.4800109863281,335.42999267578125,342.45001220703125,337.6851806640625,19947000,329.2132000732422,,10.746638745778284
2021-12-28,343.1499938964844,343.80999755859375,340.32000732421875,341.25,336.5018310546875,15661500,329.9540002441406,,10.253229296072433
2021-12-29,341.29998779296875,344.29998779296875,339.67999267578125,341.95001220703125,337.19207763671875,15042000,330.64720031738284,,9.853548314671219
2021-12-30,341.9100036621094,343.1300048828125,338.82000732421875,339.32000732421875,334.59869384765625,15994500,331.2690002441406,,9.379617231992759
2021-12-31,338.510009765625,339.3599853515625,335.8500061035156,336.32000732421875,331.64044189453125,18000800,331.8472003173828,,8.748677964153531
2022-01-03,335.3500061035156,338.0,329.7799987792969,334.75,330.0922546386719,28865100,332.32700012207033,,8.209843752900765
2022-01-04,334.8299865722656,335.20001220703125,326.1199951171875,329.010009765625,324.4321594238281,32674300,332.7240002441406,,7.517445605441539
2022-01-05,325.8599853515625,326.07000732421875,315.9800109863281,316.3800048828125,311.9778747558594,40054300,332.8890002441406,,7.042129431610118
2022-01-06,313.1499938964844,318.70001220703125,311.489990234375,313.8800048828125,309.51263427734375,39646100,332.96440063476564,,6.809599892155998
2022-01-07,314.1499938964844,316.5,310.0899963378906,314.0400085449219,309.6703796386719,32720000,332.78180053710935,,7.189415887398593
2022-01-10,309.489990234375,314.7200012207031,304.69000244140625,314.2699890136719,309.897216796875,44289500,332.5802001953125,,7.562335797394626
2022-01-11,313.3800048828125,316.6099853515625,309.8900146484375,314.9800109863281,310.59735107421875,29386800,332.2474005126953,,7.961084043041018
2022-01-12,319.6700134277344,323.4100036621094,317.0799865722656,318.2699890136719,313.8415832519531,34372200,332.025400390625,,8.194309206943231
2022-01-13,320.4700012207031,320.8800048828125,304.0,304.79998779296875,300.5589599609375,45366000,331.45880004882815,,9.051034001402876
2022-01-14,304.25,310.82000732421875,303.75,310.20001220703125,305.8838806152344,39846400,330.98280029296876,,9.527927996228895
2022-01-18,304.07000732421875,309.79998779296875,301.739990234375,302.6499938964844,298.4388732910156,42333200,330.3070001220703,,10.300010652488302
2022-01-19,306.2900085449219,313.9100036621094,302.70001220703125,303.3299865722656,299.10943603515625,45933900,329.65239990234375,,10.946677774656404
2022-01-20,309.07000732421875,311.6499938964844,301.1400146484375,301.6000061035156,297.4035339355469,35380700,328.94460021972657,,11.587911987466171
2022-01-21,302.69000244140625,304.1099853515625,295.6099853515625,296.0299987792969,291.9110412597656,57984400,328.14619995117187,,12.439345534217281
2022-01-24,292.20001220703125,297.1099853515625,276.04998779296875,296.3699951171875,292.24627685546875,85731500,327.45760009765627,,13.218033958358737
2022-01-25,291.5199890136719,294.989990234375,285.1700134277344,288.489990234375,284.47589111328125,72848600,326.5788000488281,,14.297309664656423
2022-01-26,307.989990234375,308.5,293.0299987792969,296.7099914550781,292.58154296875,90428900,325.77859985351563,,14.82794236670062
2022-01-27,302.6600036621094,307.29998779296875,297.92999267578125,299.8399963378906,295.66796875,53481300,325.0539996337891,,15.195442172029368
2022-01-28,300.2300109863281,308.4800109863281,294.45001220703125,308.260009765625,303.9708557128906,49743700,324.4289996337891,,15.231346768097188
2022-01-31,308.95001220703125,312.3800048828125,306.3699951171875,310.9800109863281,306.6530456542969,46444500,323.8661999511719,,15.197284308516236
2022-02-01,310.4100036621094,310.6300048828125,305.1300048828125,308.760009765625,304.46392822265625,40950400,323.21600036621095,,15.132801378513578
2022-02-02,309.6300048828125,315.1199951171875,308.8800048828125,313.4599914550781,309.0984802246094,36636000,322.62300048828126,,14.916713560620973
2022-02-03,309.489990234375,311.2300109863281,299.9599914550781,301.25,297.0583801269531,43730000,321.8514007568359,,15.006029605496204
2022-02-04,300.2099914550781,308.79998779296875,299.9700012207031,305.94000244140625,301.6831359863281,35096500,321.21660095214844,,14.994111113519995
2022-02-07,306.1700134277344,307.8399963378906,299.8999938964844,300.95001220703125,296.7626037597656,28533300,320.4774011230469,,15.065224953517486
2022-02-08,301.25,305.55999755859375,299.95001220703125,304.55999755859375,300.32232666015625,32421200,319.9750012207031,,15.170557483707816
2022-02-09,309.8699951171875,311.92999267578125,307.3900146484375,311.2099914550781,306.8797912597656,31284700,319.46660095214844,,15.026274682939983
2022-02-10,304.0400085449219,309.1199951171875,300.70001220703125,302.3800048828125,298.17266845703125,45386200,318.9024011230469,,15.129349352373588
2022-02-11,303.19000244140625,304.2900085449219,294.2200012207031,295.0400085449219,290.934814453125,39175600,318.2016015625,295.9357499694824,15.409964137582287
2022-02-14,293.7699890136719,296.760009765625,291.3500061035156,295.0,290.89532470703125,36359500,317.5118017578125,296.1498500061035,15.664191680446955
2022-02-15,300.010009765625,300.79998779296875,297.0199890136719,300.4700012207031,296.28924560546875,27058300,317.0610015869141,296.39290000915526,15.826230992282293
2022-02-16,298.3699951171875,300.8699951171875,293.67999267578125,299.5,295.9433898925781,29982100,316.52720153808593,296.6514500427246,15.961569138735216
2022-02-17,296.3599853515625,296.79998779296875,290.0,290.7300109863281,287.2775573730469,32461600,315.6434014892578,296.87275009155275,16.144726291282446
2022-02-18,293.04998779296875,293.8599853515625,286.30999755859375,287.92999267578125,284.51080322265625,34264000,314.70260131835937,297.06375007629396,16.364606835289248
2022-02-22,285.0,291.5400085449219,284.5,287.7200012207031,284.3033447265625,41736100,313.7950012207031,297.24005004882815,16.580432772437145
2022-02-23,290.17999267578125,291.70001220703125,280.1000061035156,280.2699890136719,276.9417419433594,37811200,312.54960083007813,297.4055000305176,16.715339823847174
2022-02-24,272.510009765625,295.1600036621094,271.5199890136719,294.5899963378906,291.0916748046875,56989700,311.65340087890627,297.6473000335693,16.44543963459429
2022-02-25,295.1400146484375,297.6300048828125,291.6499938964844,297.30999755859375,293.7794189453125,32546700,311.0328009033203,297.9388500213623,16.388276850492897
2022-02-28,294.30999755859375,299.1400146484375,293.0,298.7900085449219,295.2418518066406,34627500,310.31560119628904,298.2176500701904,16.116033768635322
2022-03-01,296.3999938964844,299.9700012207031,292.1499938964844,294.95001220703125,291.44744873046875,31217800,309.7166015625,298.45165016174315,16.119488435473762
2022-03-02,295.3599853515625,301.4700012207031,293.70001220703125,300.19000244140625,296.6252136230469,31873000,309.24440185546877,298.72670021057127,16.044150284086133
2022-03-03,302.8900146484375,303.1300048828125,294.04998779296875,295.9200134277344,292.40594482421875,27314500,308.76460205078126,298.9909002685547,16.077362098980593
2022-03-04,294.2900085449219,295.6600036621094,287.1700134277344,289.8599853515625,286.4178466796875,32356500,308.01600158691406,299.22460021972654,16.068584348368674
2022-03-07,288.5299987792969,289.69000244140625,278.5299987792969,278.9100036621094,275.5978698730469,43157200,306.9302014160156,299.38675025939943,16.1660688801183
2022-03-08,277.79998779296875,283.9599914550781,270.0,275.8500061035156,272.57427978515625,48159500,305.75340148925784,299.54015029907225,16.245486941975415
2022-03-09,283.44000244140625,289.6000061035156,280.7799987792969,288.5,285.07403564453125,35204500,304.67440124511717,299.72875030517577,15.534492892249244
2022-03-10,283.0199890136719,286.6000061035156,280.5799865722656,285.5899963378906,282.1985778808594,30628000,303.561201171875,299.8981002807617,14.838712722497242
2022-03-11,287.9599914550781,289.510009765625,279.42999267578125,280.07000732421875,276.744140625,27209300,302.32360107421874,300.041000289917,14.135449029048514
2022-03-14,280.3399963378906,285.3999938964844,275.82000732421875,276.44000244140625,273.1572265625,30660700,301.0660009765625,300.176650314331,13.562315546287781
2022-03-15,280.3500061035156,287.82000732421875,278.7300109863281,287.1499938964844,283.7400817871094,34245100,300.0826007080078,300.36400032043457,12.70974255183267
2022-03-16,289.1099853515625,294.57000732421875,283.20001220703125,294.3900146484375,290.8940734863281,37826300,299.27540100097656,300.59895042419436,11.704995118065643
2022-03-17,293.2900085449219,295.6099853515625,289.3699951171875,295.2200012207031,291.7142333984375,30816600,298.59960083007815,300.83855041503904,10.90104155333092
2022-03-18,295.3699951171875,301.0,292.7300109863281,300.42999267578125,296.86236572265625,43390600,298.2806005859375,301.11215034484866,10.599308938454397
2022-03-21,298.8900146484375,300.1400146484375,294.8999938964844,299.1600036621094,295.60748291015625,28351200,297.98620056152345,301.3540003967285,10.358887060326552
2022-03-22,299.79998779296875,305.0,298.7699890136719,304.05999755859375,300.4492492675781,27599700,297.7866003417969,301.60525039672854,10.137015180897425
2022-03-23,300.510009765625,303.2300109863281,297.7200012207031,299.489990234375,295.9335021972656,25715400,297.4910003662109,301.8398503112793,9.858204114557068
2022-03-24,299.1400146484375,304.20001220703125,298.32000732421875,304.1000061035156,300.4888000488281,24484500,297.27340026855467,302.09240036010743,9.580455449198077
2022-03-25,305.2300109863281,305.5,299.2900085449219,303.67999267578125,300.07373046875,22566500,296.9816003417969,302.3246003723145,9.13995660638937
2022-03-28,304.3299865722656,310.79998779296875,304.3299865722656,310.70001220703125,307.0104064941406,29578200,297.09960083007815,302.5886503601074,9.279968516366788
2022-03-29,313.9100036621094,315.82000732421875,309.04998779296875,315.4100036621094,311.66448974609375,30393400,297.2038006591797,302.86625030517575,9.45761777074686
2022-03-30,313.760009765625,315.95001220703125,311.5799865722656,313.8599853515625,310.1328430175781,28163600,297.42800048828127,303.1437503051758,9.718627549175475
2022-03-31,313.8999938964844,315.1400146484375,307.8900146484375,308.30999755859375,304.64874267578125,33422100,297.5276007080078,303.39840026855467,9.805478228150868
2022-04-01,309.3699951171875,310.1300048828125,305.5400085449219,309.4200134277344,305.74566650390625,27110500,297.6840008544922,303.64100036621096,9.933292510803671
2022-04-04,310.0899963378906,315.1099853515625,309.7099914550781,314.9700012207031,311.229736328125,24289600,298.0628009033203,303.91870040893554,10.225758109813588
2022-04-05,313.2699890136719,314.8699951171875,309.8699951171875,310.8800048828125,307.1882629394531,23156700,298.35300109863283,304.1599504089356,10.381444038454799
2022-04-06,305.19000244140625,307.0,296.7099914550781,299.5,295.9433898925781,40110400,298.5732012939453,304.32990036010744,10.284282492335082
2022-04-07,296.6600036621094,303.6499938964844,296.3500061035156,301.3699951171875,297.79119873046875,31411200,298.6664013671875,304.510400390625,10.288167410670155
2022-04-08,300.44000244140625,301.1199951171875,296.2799987792969,296.9700012207031,293.44342041015625,24361900,298.60900146484374,304.6618003845215,10.289492119406484
2022-04-11,291.7900085449219,292.6099853515625,285.0,285.260009765625,281.8725280761719,34569300,298.14900146484376,304.76300048828125,10.363084378397131
2022-04-12,289.239990234375,290.739990234375,280.489990234375,282.05999755859375,278.7104797363281,30966700,297.5706011962891,304.8297004699707,10.4391104004407
2022-04-13,282.7300109863281,288.5799865722656,281.29998779296875,287.6199951171875,284.2044677734375,21907200,297.14780090332033,304.9108004760742,10.404718282626302
2022-04-14,288.0899963378906,288.30999755859375,279.32000732421875,279.8299865722656,276.5069885253906,28221600,296.4752008056641,304.9554504394531,10.415696115096491
2022-04-18,278.9100036621094,282.4599914550781,278.3399963378906,280.5199890136719,277.18878173828125,20778000,296.0606005859375,305.0000503540039,10.632089434494139
2022-04-19,279.3800048828125,286.1700134277344,278.4100036621094,285.29998779296875,281.9120178222656,22297700,295.6478002929687,305.03830032348634,10.641364194400554
2022-04-20,289.3999938964844,289.70001220703125,285.3699951171875,286.3599853515625,282.95941162109375,22906700,295.3559997558594,305.0818002319336,10.692917397966468
2022-04-21,288.5799865722656,293.29998779296875,280.05999755859375,280.80999755859375,277.475341796875,29454600,294.88099975585936,305.08620025634764,10.802661232852651
2022-04-22,281.67999267578125,283.20001220703125,273.3800048828125,274.0299987792969,270.77587890625,29405800,294.13739990234376,305.06925018310545,10.934553200077715
2022-04-25,273.2900085449219,281.1099853515625,270.7699890136719,280.7200012207031,277.3864440917969,35678900,293.7041998291016,305.0831501770019,11.029978783192695
2022-04-26,277.5,278.3599853515625,270.0,270.2200012207031,267.0111083984375,46518400,293.2077996826172,305.0476501464844,11.516415710475929
2022-04-27,282.1000061035156,290.9700012207031,279.1600036621094,283.2200012207031,279.8567199707031,63477700,292.9721997070312,305.05885009765626,11.599201660355183
2022-04-28,285.19000244140625,290.9800109863281,281.4599914550781,289.6300048828125,286.1905822753906,33646600,292.7553997802734,305.0944500732422,11.557430339894559
2022-04-29,288.6099853515625,289.8800048828125,276.5,277.5199890136719,274.22442626953125,37073900,292.31579956054685,305.07690002441404,11.712631676308348
2022-05-02,277.7099914550781,284.94000244140625,276.2200012207031,284.4700012207031,281.09185791015625,35151100,292.1905993652344,305.0955000305176,11.763276797920536
2022-05-03,283.9599914550781,284.1300048828125,280.1499938964844,281.7799987792969,278.4338073730469,25978600,292.0675994873047,305.1193499755859,11.840634598357715
2022-05-04,282.5899963378906,290.8800048828125,276.7300109863281,289.9800109863281,286.5364685058594,33599300,292.1127996826172,305.17264999389647,11.828006386675256
2022-05-05,285.5400085449219,286.3500061035156,274.3399963378906,277.3500061035156,274.0564270019531,43260400,292.05440002441406,305.15240005493166,11.894693039586226
2022-05-06,274.80999755859375,279.25,271.2699890136719,274.7300109863281,271.4675598144531,37780300,291.65720031738283,305.0953500366211,12.13740989525632
2022-05-09,270.05999755859375,272.3599853515625,263.32000732421875,264.5799865722656,261.43804931640625,47726000,291.0026000976562,304.96989990234374,12.696066837903459
2022-05-10,271.69000244140625,273.75,265.07000732421875,269.5,266.2996826171875,39336400,290.4167999267578,304.8721499633789,13.001472077640065
2022-05-11,265.67999267578125,271.3599853515625,259.29998779296875,260.54998779296875,257.4559326171875,48975900,289.7287994384766,304.7421998596191,13.650659513827756
2022-05-12,257.69000244140625,259.8800048828125,250.02000427246094,255.35000610351562,252.3177032470703,51033800,288.8319995117188,304.5878498840332,14.401627537296765
2022-05-13,257.3500061035156,263.0400085449219,255.35000610351562,261.1199951171875,258.0191955566406,34925100,288.1359991455078,304.4609498596191,14.884885726343438
2022-05-16,259.9599914550781,265.82000732421875,255.77999877929688,261.5,258.3946533203125,32550900,287.56879943847656,304.3438998413086,15.350895658165848
2022-05-17,266.1099853515625,268.3299865722656,262.4599914550781,266.82000732421875,263.6514892578125,28828800,287.3269995117187,304.25389984130857,15.583523577583353
2022-05-18,263.0,263.6000061035156,252.77000427246094,254.0800018310547,251.6475372314453,31356000,286.8915994262695,304.08869987487793,16.202561502534618
2022-05-19,253.89999389648438,257.6700134277344,251.8800048828125,253.13999938964844,250.71652221679688,32692300,286.1843994140625,303.92184982299807,16.888109524757855
2022-05-20,257.239990234375,258.5400085449219,246.44000244140625,252.55999755859375,250.14207458496094,39199300,285.52379943847654,303.73704986572267,17.545062327329834
2022-05-23,255.49000549316406,261.5,253.42999267578125,260.6499938964844,258.1546325683594,33175400,285.13539916992187,303.5929998779297,17.88001449955422
2022-05-24,257.8900146484375,261.3299865722656,253.5,259.6199951171875,257.1344909667969,29043900,284.7989990234375,303.4494499206543,18.202275409168326
2022-05-25,258.1400146484375,264.5799865722656,257.1300048828125,262.5199890136719,260.0067443847656,28547900,284.30639892578125,303.3298498535156,18.468678969365723
2022-05-26,262.2699890136719,267.1099853515625,261.42999267578125,265.8999938964844,263.3543395996094,25002100,283.73659851074217,303.2245997619629,18.590317786753946
2022-05-27,268.4800109863281,273.3399963378906,267.55999755859375,273.239990234375,270.6240539550781,26910800,283.2969982910156,303.1417497253418,18.573100850567222
2022-05-31,272.5299987792969,274.7699890136719,268.92999267578125,271.8699951171875,269.2672424316406,37827700,282.7257983398438,303.03684967041016,18.474343555649945
2022-06-01,275.20001220703125,277.69000244140625,270.0400085449219,272.4200134277344,269.81195068359375,25292200,282.19099853515627,302.92594970703124,18.375667516584375
2022-06-02,264.45001220703125,274.6499938964844,261.6000061035156,274.5799865722656,271.95123291015625,44008200,281.60139831542966,302.83344970703126,18.130977911411076
2022-06-03,270.30999755859375,273.45001220703125,268.4100036621094,270.0199890136719,267.4349365234375,28059000,281.01199829101563,302.72989959716796,18.01623040500952
2022-06-06,272.05999755859375,274.17999267578125,267.2200012207031,268.75,266.17706298828125,22400300,280.3049981689453,302.5897996520996,17.783821689906777
2022-06-07,266.6400146484375,273.1300048828125,265.94000244140625,272.5,269.89117431640625,22860700,279.6813983154297,302.4304997253418,17.4917095058289
2022-06-08,271.7099914550781,273.0,269.6099853515625,270.4100036621094,267.8211975097656,17372300,278.87559814453124,302.2592997741699,16.95334162814514
2022-06-09,267.7799987792969,272.7099914550781,264.6300048828125,264.7900085449219,262.2550354003906,26439700,277.8631982421875,302.0701498413086,16.222790214853315
2022-06-10,260.5799865722656,260.5799865722656,252.52999877929688,252.99000549316406,250.56796264648438,31422800,276.6457986450195,301.8250498199463,15.743201410401616
2022-06-13,245.11000061035156,249.02000427246094,241.52999877929688,242.25999450683594,239.94068908691406,46135800,275.3247985839844,301.540899810791,15.80304873524864
2022-06-14,243.86000061035156,245.74000549316406,241.50999450683594,244.49000549316406,242.1493377685547,28651500,274.026198425293,301.2647498321533,15.610739231413314
2022-06-15,248.30999755859375,255.3000030517578,246.4199981689453,251.75999450683594,249.3497314453125,33111700,272.76199829101563,301.005599822998,14.763815763356067
2022-06-16,245.97999572753906,247.4199981689453,243.02000427246094,244.97000122070312,242.62472534179688,33169200,271.44379821777346,300.7210498046875,14.223487790781487
2022-06-17,244.6999969482422,250.5,244.02999877929688,247.64999389648438,245.27908325195312,43084800,270.40679809570315,300.4501498413086,14.024976877835446
2022-06-21,250.25999450683594,254.75,249.50999450683594,253.74000549316406,251.310791015625,29928300,269.45419830322265,300.213099899292,13.48619016442471
2022-06-22,251.88999938964844,257.1700134277344,250.3699951171875,253.1300048828125,250.7066192626953,25939900,268.5773983764648,299.9730498504639,13.07974747576207
2022-06-23,255.57000732421875,259.3699951171875,253.6300048828125,258.8599853515625,256.38177490234375,25861400,268.0493978881836,299.76644981384277,12.924497601895775
2022-06-24,261.80999755859375,267.9800109863281,261.7200012207031,267.70001220703125,265.13714599609375,33923200,267.76219818115237,299.6038999176025,12.76537908695748
2022-06-27,268.2099914550781,268.29998779296875,263.2799987792969,264.8900146484375,262.3540344238281,24615100,267.30759857177736,299.4420999908447,12.444468123778693
2022-06-28,263.9800109863281,266.9100036621094,256.32000732421875,256.4800109863281,254.02455139160156,27295500,266.8405990600586,299.245950088501,12.403008672020029
2022-06-29,257.5899963378906,261.9700012207031,255.75999450683594,260.260009765625,257.76837158203125,20069800,266.43539947509765,299.06230018615724,12.277294201474483
2022-06-30,257.04998779296875,259.5299987792969,252.89999389648438,256.8299865722656,254.37118530273438,31730900,265.8659994506836,298.84750007629395,12.042481046329799
2022-07-01,256.3900146484375,259.7699890136719,254.61000061035156,259.5799865722656,257.0948486328125,22837700,265.33039947509764,298.6212999725342,11.703142148210006
2022-07-05,256.1600036621094,262.9800109863281,254.74000549316406,262.8500061035156,260.3335876464844,22941000,264.9711996459961,298.40944999694824,11.492052657193023
2022-07-06,263.75,267.989990234375,262.3999938964844,266.2099914550781,263.661376953125,23824400,264.8147994995117,298.2411499786377,11.419233821672039
2022-07-07,265.1199951171875,269.05999755859375,265.0199890136719,268.3999938964844,265.8304138183594,20859900,264.56839935302736,298.11165000915526,11.199843911166196
2022-07-08,264.7900085449219,268.1000061035156,263.2900085449219,267.6600036621094,265.0975036621094,19658800,264.51719940185546,297.97595008850095,11.179313092578594
2022-07-11,265.6499938964844,266.5299987792969,262.17999267578125,264.510009765625,261.9776611328125,19455200,264.1429995727539,297.8056002044678,10.84875521880875
2022-07-12,265.8800048828125,265.94000244140625,252.0399932861328,253.6699981689453,251.24143981933594,35868500,263.4237994384766,297.5761502075195,10.30287544285268
2022-07-13,250.19000244140625,253.5500030517578,248.11000061035156,252.72000122070312,250.30055236816406,29497400,262.9277996826172,297.34300018310546,10.206921246231934
2022-07-14,250.57000732421875,255.13999938964844,245.94000244140625,254.0800018310547,251.6475372314453,25102800,262.3199996948242,297.14255012512206,9.794445389043519
2022-07-15,255.72000122070312,260.3699951171875,254.77000427246094,256.7200012207031,254.26223754882812,29774100,261.81879974365233,297.0085501861572,9.412036597215213
2022-07-18,259.75,260.8399963378906,253.3000030517578,254.25,251.8158721923828,20975000,261.1041995239258,296.8598001861572,8.546911901635827
2022-07-19,257.5799865722656,259.7200012207031,253.67999267578125,259.5299987792969,257.04534912109375,25012600,260.7477993774414,296.74785011291505,8.22097401375156
2022-07-20,259.8999938964844,264.8699951171875,258.9100036621094,262.2699890136719,259.7591247558594,22788300,260.4985989379883,296.6137000274658,7.973612155954824
2022-07-21,259.7900085449219,264.8900146484375,257.0299987792969,264.8399963378906,262.30450439453125,22404700,260.5037991333008,296.52235008239745,7.976412553716239
2022-07-22,265.239990234375,265.3299865722656,259.07000732421875,260.3599853515625,257.86737060546875,21881300,260.32099884033204,296.3803499603271,7.870058163233681
2022-07-25,261.0,261.5,256.80999755859375,258.8299865722656,256.3520202636719,21056000,260.28659881591796,296.2089499664307,7.87279541243975
2022-07-26,259.8599853515625,259.8800048828125,249.57000732421875,251.89999389648438,249.48837280273438,39348000,260.21759857177733,295.99419990539553,7.931841816481369
2022-07-27,261.1600036621094,270.04998779296875,258.8500061035156,268.739990234375,266.16717529296875,45994000,260.3699984741211,295.8636498260498,8.022223175369396
2022-07-28,269.75,277.8399963378906,267.8699951171875,276.4100036621094,273.7637634277344,33459300,260.66819854736326,295.7745497894287,8.336061160483018
2022-07-29,277.70001220703125,282.0,276.6300048828125,280.739990234375,278.0522766113281,32152800,260.94659820556643,295.71384971618653,8.767009845251104
2022-08-01,277.82000732421875,281.2799987792969,275.8399963378906,278.010009765625,275.34844970703125,21539600,261.4251983642578,295.6223497772217,9.033632829047558
2022-08-02,276.0,277.8900146484375,272.3800048828125,274.82000732421875,272.1889343261719,22754200,261.8587985229492,295.48269981384277,9.147426885392349
2022-08-03,276.760009765625,283.5,276.6099853515625,282.4700012207031,279.7657165527344,23518900,262.4569985961914,295.37399986267087,9.498181698650258
2022-08-04,281.79998779296875,283.79998779296875,280.1700134277344,283.6499938964844,280.9344177246094,18098700,262.91699859619143,295.2557997894287,9.954852275230683
2022-08-05,279.1499938964844,283.6499938964844,278.67999267578125,282.9100036621094,280.20147705078125,16774600,263.38279876708987,295.1291997528076,10.335056881972147
2022-08-08,284.04998779296875,285.9200134277344,279.32000732421875,280.32000732421875,277.63629150390625,18739200,263.7387991333008,294.9937497711182,10.607702647014403
2022-08-09,279.6400146484375,283.0799865722656,277.6099853515625,282.29998779296875,279.59735107421875,23405200,264.06679901123044,294.8514496612549,10.924707237085702
2022-08-10,288.1700134277344,289.80999755859375,286.94000244140625,289.1600036621094,286.39166259765625,24687800,264.3851992797852,294.75144966125487,11.418356799889283
2022-08-11,290.8500061035156,291.2099914550781,286.510009765625,287.0199890136719,284.27215576171875,20065900,264.68819915771485,294.6458995819092,11.81514577948851
2022-08-12,288.4800109863281,291.9100036621094,286.94000244140625,291.9100036621094,289.1153564453125,22619700,265.0779989624023,294.55489967346193,12.383278977850425
2022-08-15,291.0,294.17999267578125,290.1099853515625,293.4700012207031,290.6604309082031,18085700,265.4557992553711,294.40639961242675,12.954091375243163
2022-08-16,291.989990234375,294.0400085449219,290.4200134277344,292.7099914550781,289.9076843261719,18102900,265.9095993041992,294.24819953918455,13.503044346566897
2022-08-17,289.739990234375,293.3500061035156,289.4700012207031,291.32000732421875,289.1434631347656,18253400,266.3609994506836,294.0466996002197,13.969143093568542
2022-08-18,290.19000244140625,291.9100036621094,289.0799865722656,290.1700134277344,288.0020446777344,17186200,266.71439971923826,293.85069969177243,14.34604988012254
2022-08-19,288.8999938964844,289.25,285.55999755859375,286.1499938964844,284.0120544433594,20570000,267.0291995239258,293.61579963684085,14.599257807284062
2022-08-22,282.0799865722656,282.4599914550781,277.2200012207031,277.75,275.6748352050781,25061100,267.28839935302733,293.33454963684085,14.673550032105661
2022-08-23,276.44000244140625,278.8599853515625,275.3999938964844,276.44000244140625,274.3746337890625,17527400,267.7573992919922,293.03454963684084,14.581684193247543
2022-08-24,275.4100036621094,277.2300109863281,275.1099853515625,275.7900085449219,273.7294921875,18137000,268.4279995727539,292.7331996917725,14.149760296140066
2022-08-25,277.3299865722656,279.0199890136719,274.5199890136719,278.8500061035156,276.7666015625,16583400,269.1151995849609,292.44249977111815,13.793335104692455
2022-08-26,279.0799865722656,280.3399963378906,267.9800109863281,268.0899963378906,266.08697509765625,27549300,269.44179962158205,292.1031996917725,13.565459658373271
2022-08-29,265.8500061035156,267.3999938964844,263.8500061035156,265.2300109863281,263.2483825683594,20338500,269.84699981689454,291.77534980773925,13.114662286863403
2022-08-30,266.6700134277344,267.04998779296875,260.6600036621094,262.9700012207031,261.0052185058594,22767100,270.1533999633789,291.4280498504639,12.75964298281682
2022-08-31,265.3900146484375,267.1099853515625,261.3299865722656,261.4700012207031,259.5164489746094,24791800,270.30799987792966,291.05179985046385,12.602577321770367
2022-09-01,258.8699951171875,260.8900146484375,255.41000366210938,260.3999938964844,258.4544372558594,23263400,270.4533996582031,290.67344978332517,12.44125036212421
2022-09-02,261.70001220703125,264.739990234375,254.47000122070312,256.05999755859375,254.14686584472656,22855400,270.39739990234375,290.25619972229003,12.500658585232287
2022-09-06,256.20001220703125,257.8299865722656,251.94000244140625,253.25,251.3578643798828,21328200,270.1083996582031,289.8268497467041,12.729235315490154
2022-09-07,254.6999969482422,258.8299865722656,253.22000122070312,258.0899963378906,256.1617126464844,24126700,269.9723992919922,289.4109497833252,12.822114048861092
2022-09-08,257.510009765625,260.42999267578125,254.7899932861328,258.5199890136719,256.5885009765625,20319900,270.01319885253906,288.98799980163574,12.781486734609684
2022-09-09,260.5,265.2300109863281,260.2900085449219,264.4599914550781,262.484130859375,22084700,270.0971984863281,288.6111498260498,12.72977737778746
2022-09-12,265.7799987792969,267.45001220703125,265.1600036621094,266.6499938964844,264.6577453613281,18747700,270.2935986328125,288.2559998321533,12.595958234929293
2022-09-13,258.8399963378906,260.3999938964844,251.58999633789062,251.99000549316406,250.1072998046875,33353300,270.1417990112305,287.8263998413086,12.772209876333427
2022-09-14,253.52999877929688,254.22999572753906,249.86000061035156,252.22000122070312,250.3355712890625,23913000,269.9291989135742,287.4390998840332,12.982797537660062
2022-09-15,249.77000427246094,251.39999389648438,244.02000427246094,245.3800048828125,243.5466766357422,31530900,269.5125991821289,286.9828498840332,13.431041733207106
2022-09-16,244.25999450683594,245.3000030517578,242.05999755859375,244.74000549316406,242.9114532470703,39791800,269.0393994140625,286.5535999298096,13.880318489002002
2022-09-19,242.47000122070312,245.13999938964844,240.85000610351562,244.52000427246094,242.69308471679688,26826900,268.5765994262695,286.12580001831054,14.306476084944148
2022-09-20,242.07000732421875,243.50999450683594,239.63999938964844,242.4499969482422,240.63856506347656,26660300,268.13539916992187,285.69060005187987,14.767184360388635
2022-09-21,244.27000427246094,247.66000366210938,238.89999389648438,238.9499969482422,237.16470336914062,28625600,267.8409991455078,285.27029998779295,15.20178780487312
2022-09-22,237.8699951171875,243.86000061035156,237.57000732421875,240.97999572753906,239.17953491210938,31061200,267.6061990356445,284.84424995422364,15.527287134796001
2022-09-23,239.5399932861328,241.1300048828125,235.1999969482422,237.9199981689453,236.1424102783203,34176000,267.28299896240236,284.3592498779297,15.97627401535206
2022-09-26,237.0500030517578,241.4499969482422,236.89999389648438,237.4499969482422,235.67591857910156,27694200,266.8975988769531,283.8716498565674,16.46135218108731
2022-09-27,239.97999572753906,241.8000030517578,234.5,236.41000366210938,234.64369201660156,27018700,266.5407989501953,283.3881998443604,16.92781557149493
2022-09-28,236.80999755859375,242.3300018310547,234.72999572753906,241.07000732421875,239.26889038085938,29029700,266.1715991210938,282.88084983825684,17.28145788353069
2022-09-29,238.88999938964844,239.9499969482422,234.41000366210938,237.5,235.7255401611328,27484200,265.6761993408203,282.3713498687744,17.744419950754306
2022-09-30,238.2899932861328,240.5399932861328,232.72999572753906,232.89999389648438,231.159912109375,35694800,265.0373992919922,281.89414985656737,18.340061348347167
2022-10-03,235.41000366210938,241.61000061035156,234.66000366210938,240.74000549316406,238.9413299560547,28880400,264.6449996948242,281.42459991455075,18.649462942887236
2022-10-04,245.08999633789062,250.36000061035156,244.97999572753906,248.8800048828125,247.0205078125,34888400,264.44600006103514,281.04449996948244,18.765503291805242
2022-10-05,245.99000549316406,250.5800018310547,244.10000610351562,249.1999969482422,247.33811950683594,20347100,264.3920001220703,280.6715000152588,18.80618337116641
2022-10-06,247.92999267578125,250.33999633789062,246.0800018310547,246.7899932861328,244.94613647460938,20239900,263.9530001831055,280.3058999633789,18.958194445923084
2022-10-07,240.89999389648438,241.32000732421875,233.1699981689453,234.24000549316406,232.4899139404297,37769600,263.1096002197266,279.84064994812013,19.32713152628373
2022-10-10,233.0500030517578,234.55999755859375,226.72999572753906,229.25,227.5371856689453,29743600,262.0798004150391,279.320899887085,19.736002599498764
2022-10-11,227.6199951171875,229.05999755859375,224.11000061035156,225.41000366210938,223.7258758544922,30474000,261.0278002929688,278.7744998931885,20.264348578818655
2022-10-12,225.39999389648438,227.86000061035156,223.9600067138672,225.75,224.06332397460938,21903900,260.04640014648436,278.1909998321533,20.7648094431034
2022-10-13,219.85000610351562,236.10000610351562,219.1300048828125,234.24000549316406,232.4899139404297,42551800,259.0818002319336,277.6559498596191,20.82204371515776
2022-10-14,235.5399932861328,237.24000549316406,228.33999633789062,228.55999755859375,226.8523406982422,30198600,257.9800003051758,277.088999786377,20.95262092800569
2022-10-17,235.82000732421875,238.9600067138672,235.13999938964844,237.52999877929688,235.7553253173828,28142300,257.07240020751954,276.58004974365235,20.8332125252801
2022-10-18,243.24000549316406,243.92999267578125,235.3699951171875,238.5,236.7180633544922,26329600,256.23600006103516,276.09094970703126,20.720008576260366
2022-10-19,237.0399932861328,239.61000061035156,234.2899932861328,236.47999572753906,234.71316528320312,19985700,255.31960021972657,275.5995996856689,20.55634259928119
2022-10-20,235.77000427246094,241.30999755859375,234.8699951171875,236.14999389648438,234.38563537597656,21811000,254.25940002441405,275.13529960632326,20.138144084192913
2022-10-21,234.74000549316406,243.0,234.5,242.1199951171875,240.31101989746094,26299700,253.36140014648439,274.76399955749514,19.64246040231569
2022-10-24,243.75999450683594,247.83999633789062,241.3000030517578,247.25,245.40269470214844,24911200,252.4682000732422,274.4308495330811,18.853327721410352
2022-10-25,247.25999450683594,251.0399932861328,245.8300018310547,250.66000366210938,248.78721618652344,34775500,251.6120001220703,274.113949508667,17.901327223330036
2022-10-26,231.1699981689453,238.3000030517578,230.05999755859375,231.32000732421875,229.5917205810547,82543200,250.38420043945314,273.69919960021974,17.11292850482331
2022-10-27,231.0399932861328,233.69000244140625,225.77999877929688,226.75,225.0558624267578,40424600,249.09280029296875,273.2580495452881,16.381431254118436
2022-10-28,226.24000549316406,236.60000610351562,226.0500030517578,235.8699951171875,234.1077117919922,40647700,248.00679992675782,272.84604957580564,15.371420940494822
2022-10-31,233.75999450683594,234.9199981689453,231.14999389648438,232.1300048828125,230.39566040039062,28357300,246.92640014648438,272.48269966125486,14.51006314783853
2022-11-01,234.60000610351562,235.74000549316406,227.3300018310547,228.1699981689453,226.4652557373047,30592300,245.9348001098633,272.07254959106444,14.047368459158662
2022-11-02,229.4600067138672,231.3000030517578,220.0399932861328,220.10000610351562,218.45555114746094,38407000,244.80800018310546,271.6597996520996,13.80807570498551
2022-11-03,220.08999633789062,220.41000366210938,213.97999572753906,214.25,212.64926147460938,36633900,243.57720001220704,271.21439971923826,13.732612649649859
2022-11-04,217.5500030517578,221.58999633789062,213.42999267578125,221.38999938964844,219.73590087890625,36789100,242.4279998779297,270.8133496856689,13.110765037501766
2022-11-07,221.99000549316406,228.41000366210938,221.27999877929688,227.8699951171875,226.16749572753906,33498000,241.62359985351563,270.4725496673584,12.73253930771212
2022-11-08,228.6999969482422,231.64999389648438,225.83999633789062,228.8699951171875,227.1600341796875,28192500,240.8963995361328,270.1350496673584,12.39050910322531
2022-11-09,227.3699951171875,228.6300048828125,224.3300018310547,224.50999450683594,222.8325958251953,27852900,240.12719940185548,269.8151496887207,12.184297365407296
2022-11-10,235.42999267578125,243.3300018310547,235.0,242.97999572753906,241.1645965576172,46268000,239.7573992919922,269.546499710083,11.79777189572934
2022-11-11,242.99000549316406,247.99000549316406,241.92999267578125,247.11000061035156,245.26373291015625,34620200,239.49159942626954,269.2828497314453,11.468319467648142
2022-11-14,241.99000549316406,243.91000366210938,239.2100067138672,241.5500030517578,239.7452850341797,31123300,239.2013995361328,268.949299697876,11.221435054278658
2022-11-15,245.66000366210938,247.0,240.02999877929688,241.97000122070312,240.1621551513672,31390100,238.97579956054688,268.60424964904786,11.045238000630038
2022-11-16,242.7899932861328,243.8000030517578,240.4199981689453,241.72999572753906,240.60008239746094,24093300,238.64859954833983,268.26909957885744,10.704516429727882
2022-11-17,237.77999877929688,243.25,237.6300048828125,241.67999267578125,240.55030822753906,23123500,238.31179962158203,267.91019958496094,10.324720130810288
2022-11-18,243.50999450683594,243.74000549316406,239.02999877929688,241.22000122070312,240.09246826171875,27613500,237.84699981689454,267.61004959106447,9.622804759630467
2022-11-21,241.42999267578125,244.6699981689453,241.19000244140625,242.0500030517578,240.91859436035156,26394700,237.355,267.2905995941162,8.705229225912733
2022-11-22,243.58999633789062,245.30999755859375,240.7100067138672,245.02999877929688,243.88465881347656,19665700,237.21579986572266,267.0109995269775,8.52011205794459
2022-11-23,245.11000061035156,248.27999877929688,244.27000427246094,247.5800018310547,246.42274475097656,19508500,237.1229998779297,266.72609954833985,8.377427393222948
2022-11-25,247.30999755859375,248.6999969482422,246.72999572753906,247.49000549316406,246.33316040039062,9200800,237.1651998901367,266.40749961853027,8.42504869292719
2022-11-28,246.0800018310547,246.64999389648438,240.8000030517578,241.75999450683594,240.62994384765625,24778200,237.10559967041016,266.1043995666504,8.380793977251892
2022-11-29,241.39999389648438,242.7899932861328,238.2100067138672,240.3300018310547,239.20663452148438,17956300,237.02179962158203,265.83084953308105,8.325912253810477
2022-11-30,240.57000732421875,255.3300018310547,239.86000061035156,255.13999938964844,253.94740295410156,47594200,237.27559967041014,265.6315495300293,8.680617679316386
2022-12-01,253.8699951171875,256.1199951171875,250.9199981689453,254.69000244140625,253.49949645996094,26041500,237.59039978027343,265.4026495361328,9.021296688999255
2022-12-02,249.82000732421875,256.05999755859375,249.69000244140625,255.02000427246094,253.8279571533203,21528500,237.8711999511719,265.18024955749513,9.341770599626235
2022-12-05,252.00999450683594,253.82000732421875,248.05999755859375,250.1999969482422,249.03048706054688,23435300,238.1167999267578,264.9775994873047,9.503110238011896
2022-12-06,250.82000732421875,251.86000061035156,243.77999877929688,245.1199951171875,243.97422790527344,22463700,238.27019989013672,264.7635494995117,9.553896143821433
2022-12-07,244.8300018310547,246.16000366210938,242.2100067138672,244.3699951171875,243.2277374267578,20481500,238.4293997192383,264.54679946899415,9.588523739181225
2022-12-08,244.83999633789062,248.74000549316406,243.05999755859375,247.39999389648438,246.2435760498047,22611800,238.5559994506836,264.3824494934082,9.665578484028169
2022-12-09,244.6999969482422,248.30999755859375,244.16000366210938,245.4199981689453,244.2728271484375,20609700,238.7143994140625,264.13659950256346,9.712701320645136
2022-12-12,247.4499969482422,252.5399932861328,247.1699981689453,252.50999450683594,251.32968139648438,30665100,239.10659942626953,263.9125994873047,9.867811897131316
2022-12-13,261.69000244140625,263.9200134277344,253.07000732421875,256.9200134277344,255.71908569335938,42196900,239.43019958496095,263.70324951171875,10.18274422746247
2022-12-14,257.1300048828125,262.5899963378906,254.30999755859375,257.2200012207031,256.0177001953125,35410900,239.59699951171876,263.5145994567871,10.406545067043059
2022-12-15,253.72000122070312,254.1999969482422,247.33999633789062,249.00999450683594,247.84605407714844,35560400,239.59319946289062,263.25869941711426,10.40300096457766
2022-12-16,248.5500030517578,249.83999633789062,243.50999450683594,244.69000244140625,243.54624938964844,86102000,239.5511996459961,263.0025493621826,10.377560548958582
2022-12-19,244.86000061035156,245.2100067138672,238.7100067138672,240.4499969482422,239.32606506347656,29696400,239.67539947509766,262.755499420166,10.349822198809743
2022-12-20,239.39999389648438,242.91000366210938,238.4199981689453,241.8000030517578,240.6697540283203,25150800,239.9263995361328,262.56994941711423,10.243461919197447
2022-12-21,241.69000244140625,245.6199951171875,240.11000061035156,244.42999267578125,243.28744506835938,23690600,240.30679931640626,262.4128493499756,10.044613232735344
2022-12-22,241.25999450683594,241.99000549316406,233.8699951171875,238.19000244140625,237.07662963867188,28651700,240.55559936523437,262.1612993621826,9.828430069813898
2022-12-23,236.11000061035156,238.8699951171875,233.94000244140625,238.72999572753906,237.61410522460938,21207000,240.6453991699219,261.92699935913083,9.789985248016665
2022-12-27,238.6999969482422,238.92999267578125,235.8300018310547,236.9600067138672,235.85238647460938,16688600,240.81339935302734,261.71144935607913,9.64942710473981
2022-12-28,236.88999938964844,239.72000122070312,234.1699981689453,234.52999877929688,233.43373107910156,17457100,240.75339935302733,261.5018993377686,9.679539890900392
2022-12-29,235.64999389648438,241.9199981689453,235.64999389648438,241.00999450683594,239.88343811035156,19770700,240.80359924316406,261.2711993408203,9.674121975090282
2022-12-30,238.2100067138672,239.9600067138672,236.66000366210938,239.82000732421875,238.6990203857422,21938500,240.87039947509766,260.9983493041992,9.655170926747369
2023-01-03,243.0800018310547,245.75,237.39999389648438,239.5800018310547,238.46014404296875,25740000,240.93899963378905,260.72014930725095,9.63310782684256
2023-01-04,232.27999877929688,232.8699951171875,225.9600067138672,229.10000610351562,228.0291290283203,50623400,240.67859985351564,260.3634993743897,9.775456739655509
2023-01-05,227.1999969482422,227.5500030517578,221.75999450683594,222.30999755859375,221.27084350585938,39585600,240.1797998046875,259.9792493438721,10.065297368725977
2023-01-06,223.0,225.75999450683594,219.35000610351562,224.92999267578125,223.87860107421875,43613600,239.66519958496093,259.583599319458,10.175682918657504
2023-01-09,226.4499969482422,231.24000549316406,226.41000366210938,227.1199951171875,226.05838012695312,27369800,239.58119934082032,259.2217493438721,10.26293980579436
2023-01-10,227.75999450683594,231.30999755859375,227.3300018310547,228.85000610351562,227.78028869628906,27033900,239.62319946289062,258.84549934387206,10.213535807307398
2023-01-11,231.2899932861328,235.9499969482422,231.11000061035156,235.77000427246094,234.66793823242188,28669300,239.6211996459961,258.50594940185545,10.214295445571722
2023-01-12,235.25999450683594,239.89999389648438,233.55999755859375,238.50999450683594,237.39512634277344,27269500,239.74879943847657,258.1449993133545,10.158501449777269
2023-01-13,237.0,239.3699951171875,234.9199981689453,239.22999572753906,238.1117706298828,21333300,239.96999938964845,257.76409927368167,10.020709658647307
2023-01-17,237.97000122070312,240.91000366210938,237.08999633789062,240.35000610351562,239.22654724121094,29831300,240.37499938964845,257.39654937744143,9.601703721049587
2023-01-18,241.57000732421875,242.3800048828125,235.52000427246094,235.80999755859375,234.70774841308594,30028700,240.8061993408203,257.0340493774414,8.859988001221774
2023-01-19,233.77999877929688,235.52000427246094,230.67999267578125,231.92999267578125,230.84588623046875,28623000,241.01699920654298,256.64659927368166,8.506955589584571
2023-01-20,234.86000061035156,240.74000549316406,234.50999450683594,240.22000122070312,239.09715270996094,35389800,241.2639993286133,256.27284927368163,8.294068956623176
2023-01-23,241.10000610351562,245.1699981689453,239.64999389648438,242.5800018310547,241.44610595703125,31934000,241.53819946289062,255.93134925842284,8.100325830578695
2023-01-24,242.5,243.9499969482422,240.44000244140625,242.0399932861328,240.90863037109375,40234400,241.88879943847655,255.64404922485352,7.718642506992803
2023-01-25,234.47999572753906,243.3000030517578,230.89999389648438,240.61000061035156,239.48532104492188,66526600,241.84139953613283,255.34024925231932,7.719081769637956
2023-01-26,243.64999389648438,248.30999755859375,242.0,248.0,246.8407745361328,33454500,241.85919952392578,255.09539924621583,7.732493466636865
2023-01-27,248.99000549316406,249.8300018310547,246.8300018310547,248.16000366210938,247.00003051757812,26498900,241.9913995361328,254.90989921569823,7.783436093338936
2023-01-30,244.50999450683594,245.60000610351562,242.1999969482422,242.7100067138672,241.5755157470703,25867400,242.0061996459961,254.7131492614746,7.784098101927142
2023-01-31,243.4499969482422,247.9499969482422,242.9499969482422,247.80999755859375,246.6516571044922,26541100,242.1277996826172,254.51409927368164,7.827066373731659
2023-02-01,248.0,255.17999267578125,245.47000122070312,252.75,251.56857299804688,31259900,242.34919982910156,254.3786993408203,7.969412366815575
2023-02-02,258.82000732421875,264.69000244140625,257.25,264.6000061035156,263.3631896972656,39940400,242.81679992675782,254.29909942626952,8.565421630785355
2023-02-03,259.5400085449219,264.20001220703125,257.1000061035156,258.3500061035156,257.14239501953125,29077300,243.14279998779296,254.16434951782227,8.841385352519472
2023-02-06,257.44000244140625,258.29998779296875,254.77999877929688,256.7699890136719,255.56976318359375,22518000,243.37759979248048,254.0163995361328,9.046046454836397
2023-02-07,260.5299987792969,268.7699890136719,260.0799865722656,267.55999755859375,266.3093566894531,50841400,243.77719970703126,253.9501495361328,9.656192938201741
2023-02-08,273.20001220703125,276.760009765625,266.2099914550781,266.7300109863281,265.4832458496094,54686000,244.16199981689454,253.91364959716796,10.176507663981857
2023-02-09,273.79998779296875,273.9800109863281,262.79998779296875,263.6199951171875,262.38775634765625,42375100,244.59919982910156,253.82814956665038,10.534482603629003
2023-02-10,261.5299987792969,264.0899963378906,260.6600036621094,263.1000061035156,261.8702087402344,25818500,245.05459991455078,253.79254959106444,10.834068696918038
2023-02-13,267.6400146484375,274.6000061035156,267.1499938964844,271.32000732421875,270.0517578125,44630900,245.3782000732422,253.73304962158204,11.36984525286944
2023-02-14,272.6700134277344,274.9700012207031,269.2799987792969,272.1700134277344,270.8978271484375,37047900,245.72780029296874,253.64574966430663,11.917553728259998
2023-02-15,268.32000732421875,270.7300109863281,266.17999267578125,269.32000732421875,268.7325439453125,28922400,246.0138003540039,253.6047497558594,12.31021944174795
2023-02-16,264.0199890136719,266.739990234375,261.8999938964844,262.1499938964844,261.5781555175781,29603600,246.25280029296874,253.4931497192383,12.5075732846462
2023-02-17,259.3900146484375,260.0899963378906,256.0,258.05999755859375,257.4971008300781,30000100,246.51160034179688,253.37454971313477,12.617050231372922
2023-02-21,254.47999572753906,255.49000549316406,251.58999633789062,252.6699981689453,252.1188507080078,28397400,246.67760040283204,253.18799964904784,12.64287284934823
2023-02-22,254.08999633789062,254.33999633789062,250.33999633789062,251.50999450683594,250.9613800048828,22491100,246.75980041503905,253.05879959106446,12.661013434846598
2023-02-23,255.55999755859375,256.8399963378906,250.47999572753906,254.77000427246094,254.2142791748047,29219100,246.94680053710937,252.9589995574951,12.709775798988414
2023-02-24,249.9600067138672,251.0,248.10000610351562,249.22000122070312,248.67637634277344,24990900,246.88100067138672,252.88219963073732,12.688885925312158
2023-02-27,252.4600067138672,252.82000732421875,249.38999938964844,250.16000366210938,249.6143341064453,21190000,246.7458004760742,252.78549964904786,12.615539174176655
2023-02-28,249.07000732421875,251.49000549316406,248.72999572753906,249.4199981689453,248.87594604492188,22491000,246.58980041503906,252.72984970092773,12.53132015392953
2023-03-01,250.75999450683594,250.92999267578125,245.7899932861328,246.27000427246094,245.73281860351562,27565300,246.53500061035157,252.68444969177247,12.526510690934641
2023-03-02,246.5500030517578,251.39999389648438,245.61000061035156,251.11000061035156,250.562255859375,24808200,246.66340057373046,252.63439971923827,12.540108968085683
2023-03-03,252.19000244140625,255.6199951171875,251.38999938964844,255.2899932861328,254.73312377929688,30760100,246.96020050048827,252.60334968566895,12.565639512078517
2023-03-06,256.42999267578125,260.1199951171875,255.97999572753906,256.8699951171875,256.3096923828125,24109800,247.26160034179688,252.5535996246338,12.619958132022587
2023-03-07,256.29998779296875,257.69000244140625,253.38999938964844,254.14999389648438,253.59561157226562,21473200,247.45600036621093,252.55394958496095,12.650277253363672
2023-03-08,254.0399932861328,254.5399932861328,250.80999755859375,253.6999969482422,253.1466064453125,17340200,247.76620025634764,252.55674957275392,12.608519788783747
2023-03-09,255.82000732421875,259.55999755859375,251.5800018310547,252.32000732421875,251.76962280273438,26653400,248.03800048828126,252.55554962158203,12.556122329865147
2023-03-10,251.0800018310547,252.7899932861328,247.60000610351562,248.58999633789062,248.04774475097656,28333900,248.27060028076173,252.49524963378906,12.45402304506483
2023-03-13,247.39999389648438,257.9100036621094,245.72999572753906,253.9199981689453,253.36611938476562,33339700,248.6584002685547,252.46674964904784,12.318580569978554
2023-03-14,256.75,261.07000732421875,255.86000061035156,260.7900085449219,260.2211608886719,33620300,249.0540005493164,252.4580997467041,12.38537383389562
2023-03-15,259.9800109863281,266.4800109863281,259.2099914550781,265.44000244140625,264.8609924316406,46028000,249.56640045166014,252.4557997894287,12.524737570587535
2023-03-16,265.2099914550781,276.55999755859375,263.2799987792969,276.20001220703125,275.5975341796875,54768800,250.29880065917968,252.47059989929198,12.99087915825882
2023-03-17,278.260009765625,283.3299865722656,276.32000732421875,279.42999267578125,278.8204650878906,69527400,251.305400390625,252.50839988708495,13.261852173600502
2023-03-20,276.9800109863281,277.4800109863281,269.8500061035156,272.2300109863281,271.6361999511719,43466600,252.3038006591797,252.50744987487792,12.908805109995665
2023-03-21,274.8800048828125,275.0,269.5199890136719,273.7799987792969,273.18280029296875,34558700,253.28080078125,252.5034499359131,12.640557078334409
2023-03-22,273.3999938964844,281.0400085449219,272.17999267578125,272.2900085449219,271.6960754394531,34873300,254.1842010498047,252.51480003356934,12.343349943724697
2023-03-23,277.94000244140625,281.05999755859375,275.20001220703125,277.6600036621094,277.0543518066406,36610900,255.16040100097655,252.55935005187987,12.228437633873389
2023-03-24,277.239990234375,280.6300048828125,275.2799987792969,280.57000732421875,279.9580078125,28172000,256.05640106201173,252.59970008850098,12.418484793748132
2023-03-27,280.5,281.4599914550781,275.5199890136719,276.3800048828125,275.7771301269531,26840200,256.81380126953127,252.6295500946045,12.481177011152935
2023-03-28,275.7900085449219,276.1400146484375,272.04998779296875,275.2300109863281,274.6296691894531,21878600,257.533801574707,252.68175010681153,12.484484853351534
2023-03-29,278.9599914550781,281.1400146484375,278.4100036621094,280.510009765625,279.89813232421875,25087000,258.3370016479492,252.81935012817382,12.647192588999076
2023-03-30,284.2300109863281,284.4599914550781,281.4800109863281,284.04998779296875,283.4303894042969,25053400,259.3018014526367,253.0283000946045,12.73335035257865
2023-03-31,283.7300109863281,289.2699890136719,283.0,288.29998779296875,287.6711120605469,32766000,260.4292013549805,253.24735000610352,12.755870770999705
2023-04-03,286.5199890136719,288.2699890136719,283.95001220703125,287.2300109863281,286.6034851074219,24883300,261.369401550293,253.42470008850097,12.966654662477003
2023-04-04,287.2300109863281,290.45001220703125,285.6700134277344,287.17999267578125,286.5535583496094,25824300,262.2614013671875,253.63575004577638,13.180020758423817
2023-04-05,285.8500061035156,287.1499938964844,282.9200134277344,284.3399963378906,283.7197570800781,22064800,263.10740142822266,253.8192000579834,13.213094632318679
2023-04-06,283.2099914550781,292.0799865722656,282.0299987792969,291.6000061035156,290.96392822265625,29770300,264.12720153808596,254.00850006103516,13.40758503174219
2023-04-10,289.2099914550781,289.6000061035156,284.7099914550781,289.3900146484375,288.7587585449219,23103000,264.9550018310547,254.18980010986328,13.666780754459639
2023-04-11,285.75,285.9800109863281,281.6400146484375,282.8299865722656,282.2130432128906,27276600,265.6484014892578,254.3096501159668,13.67678419882239
2023-04-12,284.7900085449219,287.010009765625,281.9599914550781,283.489990234375,282.8716125488281,27403400,266.464001159668,254.3886000061035,13.495697778571339
2023-04-13,283.5899963378906,289.8999938964844,283.1700134277344,289.8399963378906,289.207763671875,24222700,267.3046011352539,254.5133499145508,13.618485300616147
2023-04-14,287.0,288.4800109863281,283.69000244140625,286.1400146484375,285.515869140625,20987900,267.97240142822267,254.66164993286134,13.708579526223994
2023-04-17,289.92999267578125,291.6000061035156,286.1600036621094,288.79998779296875,288.1700439453125,23836200,268.4564010620117,254.80434982299803,14.010954169311626
2023-04-18,291.57000732421875,291.760009765625,287.010009765625,288.3699951171875,287.740966796875,20161800,269.05680084228516,254.96204986572266,14.210820119034722
2023-04-19,285.989990234375,289.04998779296875,284.5400085449219,288.45001220703125,287.8208312988281,17150300,269.69040130615235,255.10639999389647,14.357307347357514
2023-04-20,285.25,289.0299987792969,285.0799865722656,286.1099853515625,285.48590087890625,23244400,270.0614010620117,255.2226998901367,14.539645672781795
2023-04-21,285.010009765625,286.2699890136719,283.05999755859375,285.760009765625,285.1366882324219,21676400,270.44200103759766,255.32044998168945,14.698860747561527
2023-04-24,282.0899963378906,284.95001220703125,278.7200012207031,281.7699890136719,281.1553649902344,26611000,270.80500091552733,255.3872999572754,14.750969499630989
2023-04-25,279.510009765625,281.6000061035156,275.3699951171875,275.4200134277344,274.8192443847656,45772200,271.05140106201173,255.42610000610352,14.722507898049553
2023-04-26,296.70001220703125,299.57000732421875,292.7300109863281,295.3699951171875,294.7257080078125,64599200,271.5324008178711,255.58039993286133,15.118993009090808
2023-04-27,295.9700012207031,305.20001220703125,295.25,304.8299865722656,304.1650695800781,46462600,272.1856002807617,255.83619987487793,15.835637103460863
2023-04-28,304.010009765625,308.92999267578125,303.30999755859375,307.260009765625,306.58978271484375,36446700,272.9444003295898,256.1088999176025,16.586702581092215
2023-05-01,306.9700012207031,308.6000061035156,305.1499938964844,305.55999755859375,304.89349365234375,21294100,273.812600402832,256.3662998962402,17.13713346542014
2023-05-02,307.760009765625,309.17999267578125,303.9100036621094,305.4100036621094,304.7438049316406,26404400,274.75960052490234,256.60974990844727,17.55213619301573
2023-05-03,306.6199951171875,308.6099853515625,304.0899963378906,304.3999938964844,303.73602294921875,22360800,275.7942004394531,256.86049987792967,17.747020042921356
2023-05-04,306.239990234375,307.760009765625,303.3999938964844,305.4100036621094,304.7438049316406,22519900,276.8722006225586,257.08989990234375,17.87835781094643
2023-05-05,305.7200012207031,311.9700012207031,304.2699890136719,310.6499938964844,309.9723815917969,28181200,277.98980041503904,257.3317999267578,18.2119768805268
2023-05-08,310.1300048828125,310.20001220703125,306.0899963378906,308.6499938964844,307.97674560546875,21318600,279.1784002685547,257.5508499145508,18.235330492852114
2023-05-09,308.0,310.0400085449219,306.30999755859375,307.0,306.3303527832031,21340800,280.3152001953125,257.78404998779297,18.160955538404544
2023-05-10,308.6199951171875,313.0,307.6700134277344,312.30999755859375,311.6287536621094,30078000,281.5730001831055,258.0514500427246,18.155364365483585
2023-05-11,310.1000061035156,311.1199951171875,306.260009765625,310.1099853515625,309.43353271484375,31680200,282.8497998046875,258.3425,17.864451444644
2023-05-12,310.54998779296875,310.6499938964844,306.6000061035156,308.9700012207031,308.2960510253906,19758100,284.0069998168945,258.5436500549316,17.639060968798105
2023-05-15,309.1000061035156,309.8999938964844,307.5899963378906,309.4599914550781,308.78497314453125,16336500,285.09039978027346,258.70889999389647,17.50229586479426
2023-05-16,309.8299865722656,313.7099914550781,309.8299865722656,311.739990234375,311.05999755859375,26730300,286.1877996826172,258.8638999938965,17.416730621258463
2023-05-17,312.2900085449219,314.42999267578125,310.739990234375,314.0,314.0,24315000,287.3847998046875,259.04384994506836,17.225538582517977
2023-05-18,314.5299987792969,319.0400085449219,313.7200012207031,318.5199890136719,318.5199890136719,27276000,288.6811996459961,259.2623498535156,17.07722031436774
2023-05-19,316.739990234375,318.75,316.3699951171875,318.3399963378906,318.3399963378906,27529500,290.00159942626954,259.44169982910154,16.757743482580008
2023-05-22,318.6000061035156,322.5899963378906,318.010009765625,321.17999267578125,321.17999267578125,24115700,291.45339935302735,259.62934982299805,16.23303607391522
2023-05-23,320.0299987792969,322.7200012207031,315.25,315.260009765625,315.260009765625,30797200,292.6801995849609,259.7910998535156,15.645830182650698
2023-05-24,314.7300109863281,316.5,312.6099853515625,313.8500061035156,313.8500061035156,23384900,293.7413995361328,259.9587498474121,15.232669818221755
2023-05-25,323.239990234375,326.8999938964844,320.0,325.9200134277344,325.9200134277344,43301700,294.95099975585936,260.1768499755859,15.340366078468803
2023-05-26,324.0199890136719,333.3999938964844,323.8800048828125,332.8900146484375,332.8900146484375,36630600,296.0847998046875,260.39550003051755,16.00670072002188
2023-05-30,335.2300109863281,335.739990234375,330.5199890136719,331.2099914550781,331.2099914550781,29503100,297.12039978027343,260.61645004272464,16.57221799325417
2023-05-31,332.2900085449219,335.94000244140625,327.3299865722656,328.3900146484375,328.3900146484375,45950600,298.2435998535156,260.79885009765627,16.752983585048188
2023-06-01,325.92999267578125,333.5299987792969,324.7200012207031,332.5799865722656,332.5799865722656,26773900,299.419599609375,260.99440002441406,17.061611878739
2023-06-02,334.25,337.5,332.54998779296875,335.3999938964844,335.3999938964844,25864000,300.6817993164062,261.2078500366211,17.345674078032708
2023-06-05,335.2200012207031,338.55999755859375,334.6600036621094,335.94000244140625,335.94000244140625,21307100,301.8473992919922,261.430950012207,17.721170723722476
2023-06-06,335.3299865722656,335.3699951171875,332.1700134277344,333.67999267578125,333.67999267578125,20396200,302.90959899902344,261.64849990844726,18.009140468816717
2023-06-07,331.6499938964844,334.489990234375,322.5,323.3800048828125,323.3800048828125,40717100,303.84959899902344,261.8346499633789,17.821774135744516
2023-06-08,323.94000244140625,326.6400146484375,323.3500061035156,325.260009765625,325.260009765625,23277700,304.8501989746094,262.072200012207,17.58503009551607
2023-06-09,324.989990234375,329.989990234375,324.4100036621094,326.7900085449219,326.7900085449219,22514900,305.77579895019534,262.3239500427246,17.49548312382265
2023-06-12,328.5799865722656,332.1000061035156,325.1600036621094,331.8500061035156,331.8500061035156,24260300,306.73179931640624,262.60425003051756,17.589805216570195
2023-06-13,334.4700012207031,336.9800109863281,330.3900146484375,334.2900085449219,334.2900085449219,22951300,307.6515997314453,262.8814500427246,17.807406570712946
2023-06-14,334.3399963378906,339.0400085449219,332.80999755859375,337.3399963378906,337.3399963378906,26003800,308.65379943847654,263.2277000427246,18.043158069827896
2023-06-15,337.4800109863281,349.8399963378906,337.20001220703125,348.1000061035156,348.1000061035156,38899100,309.87219970703126,263.64205001831056,18.611427247996332
2023-06-16,351.32000732421875,351.4700012207031,341.95001220703125,342.3299865722656,342.3299865722656,46533600,311.03199951171877,264.03884994506836,18.79385142948467
2023-06-20,339.30999755859375,342.0799865722656,335.8599853515625,338.04998779296875,338.04998779296875,26375400,311.9609991455078,264.4217498779297,18.96099704231424
2023-06-21,336.3699951171875,337.7300109863281,332.07000732421875,333.55999755859375,333.55999755859375,25117800,312.84439880371093,264.78754989624025,18.916842013579483
2023-06-22,334.1199951171875,340.1199951171875,333.3399963378906,339.7099914550781,339.7099914550781,23556800,313.9819989013672,265.20579986572267,18.784865328112126
2023-06-23,334.3599853515625,337.9599914550781,333.45001220703125,335.0199890136719,335.0199890136719,23084700,315.0125988769531,265.61464981079104,18.489056180756677
2023-06-26,333.7200012207031,336.1099853515625,328.489990234375,328.6000061035156,328.6000061035156,21520600,315.7877990722656,265.96719985961914,18.222729512675045
2023-06-27,331.8599853515625,336.1499938964844,329.29998779296875,334.57000732421875,334.57000732421875,24354100,316.75639892578124,266.3474499511719,17.89892062386987
2023-06-28,334.6600036621094,337.9800109863281,333.80999755859375,335.8500061035156,335.8500061035156,20259500,317.6973992919922,266.70440002441404,17.63399282383975
2023-06-29,334.7099914550781,336.1099853515625,332.6199951171875,335.04998779296875,335.04998779296875,16997000,318.6309991455078,267.0463999938965,17.281795718993408
2023-06-30,337.75,342.7300109863281,337.20001220703125,340.5400085449219,340.5400085449219,26823800,319.6727990722656,267.48915000915525,16.992920534494928
2023-07-03,339.19000244140625,340.8999938964844,336.57000732421875,337.989990234375,337.989990234375,12508700,320.71039916992186,267.91799995422366,16.477835698094847
2023-07-05,335.0899963378906,341.6499938964844,334.7300109863281,338.1499938964844,338.1499938964844,18172400,321.75819885253907,268.381849899292,15.864316222616225
2023-07-06,337.29998779296875,342.989990234375,335.5,341.2699890136719,341.2699890136719,28161200,322.94819885253906,268.8644998168945,15.012238517848367
2023-07-07,339.32000732421875,341.7900085449219,337.0,337.2200012207031,337.2200012207031,21185300,324.18419860839845,269.32799980163577,13.485721189282966
2023-07-10,334.6000061035156,335.2300109863281,327.5899963378906,331.8299865722656,331.8299865722656,32791400,324.9133984375,269.77489974975583,12.867442108985085
2023-07-11,331.05999755859375,332.8599853515625,327.0,332.4700012207031,332.4700012207031,26698200,325.46619873046876,270.24249977111816,12.57748365561442
2023-07-12,336.6000061035156,341.6499938964844,335.6700134277344,337.20001220703125,337.20001220703125,29995300,326.0649987792969,270.7235998535156,12.404533936913928
2023-07-13,339.55999755859375,343.739990234375,339.0199890136719,342.6600036621094,342.6600036621094,20567200,326.8069989013672,271.2472998809815,12.261738690800527
2023-07-14,347.5899963378906,351.42999267578125,344.30999755859375,345.239990234375,345.239990234375,28302200,327.6035986328125,271.78624984741214,12.13644936641917
2023-07-17,345.67999267578125,346.989990234375,342.20001220703125,345.7300109863281,345.7300109863281,20363900,328.43019897460937,272.3328498840332,11.929531957697073
2023-07-18,345.8299865722656,366.7799987792969,342.1700134277344,359.489990234375,359.489990234375,64872700,329.51179870605466,272.924949798584,12.247166474188123
2023-07-19,361.75,362.4599914550781,352.44000244140625,355.0799865722656,355.0799865722656,39732900,330.4003985595703,273.5128497314453,12.460668988806368
2023-07-20,353.57000732421875,357.9700012207031,345.3699951171875,346.8699951171875,346.8699951171875,33778400,331.16479858398435,274.0826997375488,12.27000444811209
2023-07-21,349.1499938964844,350.29998779296875,339.8299865722656,343.7699890136719,343.7699890136719,69368900,331.9001983642578,274.5978496551514,11.888092260402802
2023-07-24,345.8500061035156,346.9200134277344,342.30999755859375,345.1099853515625,345.1099853515625,26678100,332.5561981201172,275.07899955749514,11.688312549652533
2023-07-25,347.1099853515625,351.8900146484375,345.07000732421875,350.9800109863281,350.9800109863281,41637700,333.3735986328125,275.58789962768554,11.51433276809776
2023-07-26,341.44000244140625,344.6700134277344,333.1099853515625,337.7699890136719,337.7699890136719,58383700,333.94959838867186,276.04279960632323,10.976428354285193
2023-07-27,340.4800109863281,341.3299865722656,329.04998779296875,330.7200012207031,330.7200012207031,39635300,334.3747985839844,276.52519958496094,10.405323089475022
2023-07-28,333.6700134277344,340.010009765625,333.1700134277344,338.3699951171875,338.3699951171875,28484900,334.90739868164064,277.0707995605469,9.891978387310504
2023-07-31,336.9200134277344,337.70001220703125,333.3599853515625,335.9200134277344,335.9200134277344,25446000,335.34579895019533,277.623349609375,9.421000113243908
2023-08-01,335.19000244140625,338.5400085449219,333.70001220703125,336.3399963378906,336.3399963378906,18311900,335.7021990966797,278.17629959106443,9.103191197303236
2023-08-02,333.6300048828125,333.6300048828125,326.3599853515625,327.5,327.5,27761300,335.88539916992187,278.64259956359865,8.834866318936848
2023-08-03,326.0,329.8800048828125,325.95001220703125,326.6600036621094,326.6600036621094,18253700,335.99499938964846,279.13309959411623,8.681374165313184
2023-08-04,331.8800048828125,335.1400146484375,327.239990234375,327.7799987792969,327.7799987792969,23727700,336.2453991699219,279.5843495941162,8.240465176997157
2023-08-07,328.3699951171875,331.1099853515625,327.5199890136719,330.1099853515625,330.1099853515625,17741500,336.57059875488284,280.042399520874,7.637394555139095
2023-08-08,326.9599914550781,328.75,323.0,326.04998779296875,326.04998779296875,22327600,336.5731982421875,280.49024948120115,7.63371674163835
2023-08-09,326.4700012207031,327.1099853515625,321.04998779296875,322.2300109863281,322.2300109863281,22373300,336.3599981689453,280.9206495666504,7.883457750376747
2023-08-10,326.0199890136719,328.260009765625,321.17999267578125,322.92999267578125,322.92999267578125,20113700,336.19439819335935,281.3246995544434,8.078401172633916
2023-08-11,320.260009765625,322.4100036621094,319.2099914550781,321.010009765625,321.010009765625,24342600,336.04679809570314,281.6934996032715,8.28859022719259
2023-08-14,321.3900146484375,324.05999755859375,320.0799865722656,324.0400085449219,324.0400085449219,18836100,335.87599853515627,282.06039962768557,8.447945358759702
2023-08-15,323.0,325.0899963378906,320.8999938964844,321.8599853515625,321.8599853515625,16949500,335.60519836425783,282.51309951782224,8.67741222941826
